COVID19,NORMAL,PNEUMONIA
85.33724340175954,92.15017064846417,95.72953736654804
95.40983606557377,88.52459016393442,88.19672131147541
90.09287925696596,90.3010033444816,91.80887372013652
